dNumb,Published,Department,Judge,Judge4Search,PicFileName,Page,AwardRank,Winner,Winner4Search,Title,SubTitle,WinnerArea,WinnerClub1,WinnerClub2,WinnerClub3,WinnerClub4,Area,Place,DayTime,Year,Month,Day,Season,Hour,Min,TimeZone,Weather,Subject,Composition,Camera,Lens,FocalLength,Exposure,WB,ColorMode,Tripod,TriPodHead,DataOfPhoto
1,2012N,単写真,前田真三,マエダシンゾウ,NT_100.jpg,10,最優秀賞,山田太郎,ヤマダタロウ,朝霧の富士,夜明けのシルエット,静岡県,富士クラブ,,,,静岡県,富士宮市,朝,2022,11,15,秋,6,30,早朝,晴れ,富士山,三分割,Nikon D850,24-70mm f/2.8,35mm,1/250,太陽光,風景,Gitzo,,,,
2,2023-01,単写真,星野道夫,ホシノミチオ,photo2.jpg,12,優秀賞,鈴木花子,スズキハナコ,氷結の世界,,北海道,札幌クラブ,,,,北海道,美瑛町,昼,2023,1,20,冬,14,0,,雪,木,日の丸,Canon EOS R5,70-200mm f/2.8,150mm,1/500,曇天,スタンダード,Husky,,,,
3,2023-02,組写真,白川義員,シラカワヨシカズ,photo3.jpg,15,金賞,佐藤次郎,サトウジロウ,桜水鏡,,京都府,京都写真会,,,,京都府,嵐山,朝,2023,4,5,春,7,0,,晴れ,桜,黄金分割,SONY A7R IV,16-35mm f/2.8,24mm,1/60,自動,風景,Manfrotto,,,,
4,2023-02,単写真,前田真三,マエダシンゾウ,photo4.jpg,18,入選,田中三郎,タナカサブロウ,緑のトンネル,,長野県,,,,長野県,上高地,昼,2023,6,10,夏,11,30,,曇り,新緑,S字,FUJIFILM X-T4,XF16-55mm,24mm,1/125,自動,Velvia,なし,,,,
5,2023-03,テーマ,星野道夫,ホシノミチオ,photo5.jpg,20,最優秀賞,高橋四郎,タカハシシロウ,燃ゆる秋,,青森県,,,,青森県,奥入瀬渓流,昼,2022,10,25,秋,13,0,,雨,紅葉,対角線,Nikon Z7 II,24-120mm f/4,50mm,1/30,曇天,風景,Gitzo,,,,
6,2023-03,単写真,白川義員,シラカワヨシカズ,photo6.jpg,25,優秀賞,伊藤五郎,イトウゴロウ,星降る夜,,長野県,,,,長野県,阿智村,夜,2023,8,12,夏,23,0,,快晴,星空,三分割,SONY A7S III,14mm f/1.8,14mm,30秒,蛍光灯,風景,Manfrotto,,,,
7,2023-04,単写真,前田真三,マエダシンゾウ,photo7.jpg,30,特選,渡辺六郎,ワタナベロクロウ,春の目覚め,,新潟県,,,,新潟県,十日町市,朝,2023,5,1,春,5,30,,霧,棚田,曲線,Canon EOS 5D Mark IV,24-105mm f/4,70mm,1/100,太陽光,風景,Husky,,,,
8,2023-04,組写真,星野道夫,ホシノミチオ,photo8.jpg,35,入選,中村七郎,ナカムラシチロウ,夏の記憶,,沖縄県,,,,沖縄県,石垣島,夕方,2023,7,20,夏,18,30,,晴れ,海,水平線,OM-1,12-40mm f/2.8,24mm,1/1000,自動,Vivid,なし,,,,
9,2023-05,単写真,白川義員,シラカワヨシカズ,photo9.jpg,40,準特選,小島八郎,コジマハチロウ,白銀の峰,,長野県,,,,長野県,白馬村,昼,2023,2,10,冬,10,0,,雪,雪山,三分割,Nikon D850,70-200mm f/2.8,200mm,1/800,太陽光,風景,Gitzo,,,,
10,2023-05,テーマ,前田真三,マエダシンゾウ,photo10.jpg,45,優秀賞,加藤九郎,カトウクロウ,秋の夕暮れ,,山梨県,,,,山梨県,河口湖,夕方,2022,11,5,秋,16,45,,晴れ,富士山,黄金分割,SONY A7R IV,24-70mm f/2.8,50mm,1/60,日陰,夕景,Manfrotto,,,,
